<?xml version="1.0" encoding="UTF-8"?>
<project-private xmlns="http://www.netbeans.org/ns/project-private/1">
    <editor-bookmarks xmlns="http://www.netbeans.org/ns/editor-bookmarks/2" lastBookmarkId="0"/>
    <open-files xmlns="http://www.netbeans.org/ns/projectui-open-files/2">
        <group>
            <file>file:/C:/JavaEE/test8/Taxi2/src/java/model/UsersTaxi.java</file>
            <file>file:/C:/JavaEE/test8/Taxi2/src/java/model/Orders.java</file>
            <file>file:/C:/JavaEE/test8/Taxi2/src/java/order/TaxiManagedBean.java</file>
            <file>file:/C:/JavaEE/test8/Taxi2/web/taximan.xhtml</file>
        </group>
    </open-files>
</project-private>
